State,avg_bal,med_bal,avg_inc,med_inc,avg_dti,med_dti,avg_bal_label,med_bal_label,avg_inc_label,med_inc_label,avg_bal_rankNat,med_bal_rankNat,avg_inc_rankNat,med_inc_rankNat,avg_dti_rankNat,med_dti_rankNat,avg_bal_pctNat,med_bal_pctNat,avg_inc_pctNat,med_inc_pctNat,avg_dti_pctNat,med_dti_pctNat,pct_bal_grt,avg_bal_sh_obal,med_bal_sh_obal,pct_bal_grt_label,avg_bal_sh_obal_label,med_bal_sh_obal_label,pct_bal_grt_rankNat,avg_bal_sh_obal_rankNat,med_bal_sh_obal_rankNat,pct_bal_grt_pctNat,avg_bal_sh_obal_pctNat,med_bal_sh_obal_pctNat,avg_bal_ASIAN,med_bal_ASIAN,avg_inc_ASIAN,med_inc_ASIAN,avg_dti_ASIAN,med_dti_ASIAN,avg_bal_label_ASIAN,med_bal_label_ASIAN,avg_inc_label_ASIAN,med_inc_label_ASIAN,avg_bal_rankNat_ASIAN,med_bal_rankNat_ASIAN,avg_inc_rankNat_ASIAN,med_inc_rankNat_ASIAN,avg_dti_rankNat_ASIAN,med_dti_rankNat_ASIAN,avg_bal_pctNat_ASIAN,med_bal_pctNat_ASIAN,avg_inc_pctNat_ASIAN,med_inc_pctNat_ASIAN,avg_dti_pctNat_ASIAN,med_dti_pctNat_ASIAN,pct_bal_grt_ASIAN,avg_bal_sh_obal_ASIAN,med_bal_sh_obal_ASIAN,pct_bal_grt_label_ASIAN,avg_bal_sh_obal_label_ASIAN,med_bal_sh_obal_label_ASIAN,pct_bal_grt_rankNat_ASIAN,avg_bal_sh_obal_rankNat_ASIAN,med_bal_sh_obal_rankNat_ASIAN,pct_bal_grt_pctNat_ASIAN,avg_bal_sh_obal_pctNat_ASIAN,med_bal_sh_obal_pctNat_ASIAN,avg_bal_BLACK,med_bal_BLACK,avg_inc_BLACK,med_inc_BLACK,avg_dti_BLACK,med_dti_BLACK,avg_bal_label_BLACK,med_bal_label_BLACK,avg_inc_label_BLACK,med_inc_label_BLACK,avg_bal_rankNat_BLACK,med_bal_rankNat_BLACK,avg_inc_rankNat_BLACK,med_inc_rankNat_BLACK,avg_dti_rankNat_BLACK,med_dti_rankNat_BLACK,avg_bal_pctNat_BLACK,med_bal_pctNat_BLACK,avg_inc_pctNat_BLACK,med_inc_pctNat_BLACK,avg_dti_pctNat_BLACK,med_dti_pctNat_BLACK,pct_bal_grt_BLACK,avg_bal_sh_obal_BLACK,med_bal_sh_obal_BLACK,pct_bal_grt_label_BLACK,avg_bal_sh_obal_label_BLACK,med_bal_sh_obal_label_BLACK,pct_bal_grt_rankNat_BLACK,avg_bal_sh_obal_rankNat_BLACK,med_bal_sh_obal_rankNat_BLACK,pct_bal_grt_pctNat_BLACK,avg_bal_sh_obal_pctNat_BLACK,med_bal_sh_obal_pctNat_BLACK,avg_bal_LATINO,med_bal_LATINO,avg_inc_LATINO,med_inc_LATINO,avg_dti_LATINO,med_dti_LATINO,avg_bal_label_LATINO,med_bal_label_LATINO,avg_inc_label_LATINO,med_inc_label_LATINO,avg_bal_rankNat_LATINO,med_bal_rankNat_LATINO,avg_inc_rankNat_LATINO,med_inc_rankNat_LATINO,avg_dti_rankNat_LATINO,med_dti_rankNat_LATINO,avg_bal_pctNat_LATINO,med_bal_pctNat_LATINO,avg_inc_pctNat_LATINO,med_inc_pctNat_LATINO,avg_dti_pctNat_LATINO,med_dti_pctNat_LATINO,pct_bal_grt_LATINO,avg_bal_sh_obal_LATINO,med_bal_sh_obal_LATINO,pct_bal_grt_label_LATINO,avg_bal_sh_obal_label_LATINO,med_bal_sh_obal_label_LATINO,pct_bal_grt_rankNat_LATINO,avg_bal_sh_obal_rankNat_LATINO,med_bal_sh_obal_rankNat_LATINO,pct_bal_grt_pctNat_LATINO,avg_bal_sh_obal_pctNat_LATINO,med_bal_sh_obal_pctNat_LATINO,avg_bal_NATVAM,med_bal_NATVAM,avg_inc_NATVAM,med_inc_NATVAM,avg_dti_NATVAM,med_dti_NATVAM,avg_bal_label_NATVAM,med_bal_label_NATVAM,avg_inc_label_NATVAM,med_inc_label_NATVAM,avg_bal_rankNat_NATVAM,med_bal_rankNat_NATVAM,avg_inc_rankNat_NATVAM,med_inc_rankNat_NATVAM,avg_dti_rankNat_NATVAM,med_dti_rankNat_NATVAM,avg_bal_pctNat_NATVAM,med_bal_pctNat_NATVAM,avg_inc_pctNat_NATVAM,med_inc_pctNat_NATVAM,avg_dti_pctNat_NATVAM,med_dti_pctNat_NATVAM,pct_bal_grt_NATVAM,avg_bal_sh_obal_NATVAM,med_bal_sh_obal_NATVAM,pct_bal_grt_label_NATVAM,avg_bal_sh_obal_label_NATVAM,med_bal_sh_obal_label_NATVAM,pct_bal_grt_rankNat_NATVAM,avg_bal_sh_obal_rankNat_NATVAM,med_bal_sh_obal_rankNat_NATVAM,pct_bal_grt_pctNat_NATVAM,avg_bal_sh_obal_pctNat_NATVAM,med_bal_sh_obal_pctNat_NATVAM,avg_bal_WHITE,med_bal_WHITE,avg_inc_WHITE,med_inc_WHITE,avg_dti_WHITE,med_dti_WHITE,avg_bal_label_WHITE,med_bal_label_WHITE,avg_inc_label_WHITE,med_inc_label_WHITE,avg_bal_rankNat_WHITE,med_bal_rankNat_WHITE,avg_inc_rankNat_WHITE,med_inc_rankNat_WHITE,avg_dti_rankNat_WHITE,med_dti_rankNat_WHITE,avg_bal_pctNat_WHITE,med_bal_pctNat_WHITE,avg_inc_pctNat_WHITE,med_inc_pctNat_WHITE,avg_dti_pctNat_WHITE,med_dti_pctNat_WHITE,pct_bal_grt_WHITE,avg_bal_sh_obal_WHITE,med_bal_sh_obal_WHITE,pct_bal_grt_label_WHITE,avg_bal_sh_obal_label_WHITE,med_bal_sh_obal_label_WHITE,pct_bal_grt_rankNat_WHITE,avg_bal_sh_obal_rankNat_WHITE,med_bal_sh_obal_rankNat_WHITE,pct_bal_grt_pctNat_WHITE,avg_bal_sh_obal_pctNat_WHITE,med_bal_sh_obal_pctNat_WHITE
AK,29867.3883312422,15287,84784.6829880728,66000,0.38,0.22,"$29,867","$15,287","$84,785","$66,000",44,48,8,10,52,52,21st,14th,87th,83rd,8th,7th,0.4593,0.9717,1,45.98%,97.13%,99.99%,40,47,46,31st,19th,20th,28934.2,7143,56000,48000,0.38,0.12,"$28,934","$7,143","$56,000","$48,000",21,24,20,22,24,24,16th,4th,20th,12th,6th,4th,0.6875,1.0895,1.0687,68.75%,108.90%,106.92%,4,5,4,89th,83rd,87th,,,,,,,,,,,,,,,,,,,,,,,,,,,,,,,,,,,,,,,,,,,,,,,,,,,,,,,,,,,,,,,,,,,,,22400.3541666667,10324.5,74062.5,53000,0.3,0.12,"$22,400","$10,324","$74,062","$53,000",3,8,3,6,8,12,85th,50th,85th,67th,46th,21st,0.4439,0.916,1,44.44%,91.63%,99.99%,9,13,12,55th,33rd,41st,30419.2907754011,15633,85876.9230769231,67000,0.38,0.23,"$30,419","$15,633","$85,877","$67,000",40,47,10,12,47,48,23rd,9th,82nd,79th,9th,7th,0.4581,0.973,1,45.76%,97.35%,99.99%,34,38,40,35th,27th,23rd
AL,32924.1731032815,18511,68581.8548387097,54000,0.49,0.32,"$32,924","$18,511","$68,582","$54,000",29,29,49,52,16,18,49th,49th,12th,8th,73rd,69th,0.599,1.0666,1.0362,59.95%,106.70%,103.62%,7,6,5,89th,91st,92nd,,,,,,,,,,,,,,,,,,,,,,,,,,,,,,,,,,,32126.837773224,18908,55860.5604921394,48000,0.56,0.39,"$32,127","$18,908","$55,861","$48,000",21,21,30,31,5,9,47th,47th,23rd,21st,89th,78th,0.7068,1.1254,1.0714,70.73%,112.53%,107.14%,4,8,3,92nd,81st,94th,10277.4444444444,8050,59333.3333333333,44000,0.22,0.14,"$10,277","$8,050","$59,333","$44,000",40,39,28,39,40,40,2nd,5th,32nd,5th,2nd,2nd,0.28,0.8242,0.9329,28.05%,82.39%,93.28%,40,40,40,2nd,2nd,2nd,,,,,,,,,,,,,,,,,,,,,,,,,,,,,,,,,,,33218.8619047619,18421.5,72546.7245211133,58000,0.47,0.31,"$33,219","$18,422","$72,547","$58,000",28,31,46,46,18,18,47th,41st,11th,12th,67th,66th,0.5627,1.0465,1.0238,56.32%,104.61%,102.41%,5,2,4,92nd,98th,94th
AP,35394.292,17849,85240,72500,0.42,0.26,"$35,394","$17,849","$85,240","$72,500",19,34,7,2,38,42,67th,40th,89th,98th,31st,24th,0.4692,0.9696,1,46.97%,96.91%,99.99%,37,50,46,36th,14th,20th,,,,,,,,,,,,,,,,,,,,,,,,,,,,,,,,,,,,,,,,,,,,,,,,,,,,,,,,,,,,,,,,,,,,,,,,,,,,,,,,,,,,,,,,,,,,,,,,,,,,,,,,,,,,,,,,,,,,,,,,,,,,,,,,,,,,,,,,,,,,,,,,,,,,,,,,,,,,,,,,,,,,,,,,,,
AR,28540.7833780815,15700.5,68096.5576171875,55000,0.43,0.28,"$28,541","$15,700","$68,097","$55,000",48,47,50,50,35,34,14th,16th,10th,11th,38th,40th,0.5816,1.0536,1.0244,58.19%,105.38%,102.41%,10,10,11,84th,84th,82nd,,,,,,,,,,,,,,,,,,,,,,,,,,,,,,,,,,,28911.9494949495,16547,54520.202020202,48500,0.51,0.35,"$28,912","$16,547","$54,520","$48,500",30,28,33,27,24,22,23rd,28th,15th,31st,40th,44th,0.7096,1.1282,1.0677,70.95%,112.86%,106.81%,3,6,5,94th,86th,89th,18972.5547445255,10372,58153.2846715329,48000,0.33,0.24,"$18,973","$10,372","$58,153","$48,000",38,35,31,33,37,28,7th,15th,25th,20th,10th,32nd,0.5734,1.0438,1.0232,57.31%,104.39%,102.30%,12,15,12,72nd,65th,71st,,,,,,,,,,,,,,,,,,,,,,,,,,,,,,,,,,,28758.9704454597,15716.5,70196.9437303628,56000,0.42,0.27,"$28,759","$15,716","$70,197","$56,000",45,46,49,50,36,36,13th,11th,5th,4th,30th,30th,0.5617,1.0423,1.0192,56.21%,104.28%,101.97%,6,5,8,90th,92nd,86th
AS,34431.0454545455,30605,49136.3636363636,41500,0.7,0.6,"$34,431","$30,605","$49,136","$41,500",23,1,55,55,1,1,60th,100th,1st,1st,100th,100th,0.7444,1.0573,1.0325,74.47%,105.71%,103.29%,2,9,8,98th,85th,87th,,,,,,,,,,,,,,,,,,,,,,,,,,,,,,,,,,,,,,,,,,,,,,,,,,,,,,,,,,,,,,,,,,,,,,,,,,,,,,,,,,,,,,,,,,,,,,,,,,,,,,,,,,,,,,,,,,,,,,,,,,,,,,,,,,,,,,,,,,,,,,,,,,,,,,,,,,,,,,,,,,,,,,,,,,
AZ,31648.1806937349,15896,79223.716776068,61000,0.41,0.25,"$31,648","$15,896","$79,224","$61,000",34,45,23,30,42,46,40th,20th,60th,47th,25th,19th,0.5197,1.0208,1.0119,51.92%,102.08%,101.20%,26,28,28,56th,52nd,52nd,32067.1212121212,25654,55969.696969697,51000,0.62,0.41,"$32,067","$25,654","$55,970","$51,000",18,6,21,21,4,6,29th,79th,16th,16th,87th,77th,0.736,1.1506,1.0896,73.59%,115.06%,109.01%,1,2,2,100th,95th,95th,26519.2580645161,12500,68645.1612903226,53000,0.34,0.21,"$26,519","$12,500","$68,645","$53,000",34,37,7,10,38,38,13th,5th,84th,75th,2nd,2nd,0.5537,1.0785,1.0553,55.33%,107.80%,105.49%,33,25,17,15th,36th,57th,23892.9448962993,11705.5,67580.9930809931,55000,0.36,0.22,"$23,893","$11,706","$67,581","$55,000",28,33,16,15,32,34,32nd,20th,62nd,65th,22nd,18th,0.5257,1.0275,1.0125,52.58%,102.74%,101.20%,22,21,23,47th,50th,45th,17173.4795918367,10336,57723.0769230769,50000,0.3,0.2,"$17,173","$10,336","$57,723","$50,000",11,7,11,8,8,6,28th,57th,28th,53rd,46th,60th,0.6029,1.0437,1.0293,60.28%,104.39%,102.96%,5,6,6,77th,72nd,72nd,34681.9324018127,17755,83965.5485040798,64000,0.43,0.26,"$34,682","$17,755","$83,966","$64,000",21,34,15,24,34,42,60th,35th,72nd,53rd,36th,20th,0.5159,1.018,1.011,51.59%,101.75%,101.09%,14,16,19,74th,70th,64th
CA,35298.7941757718,16813.5,83009.8179586828,62000,0.44,0.27,"$35,299","$16,814","$83,010","$62,000",21,41,12,24,32,38,63rd,27th,80th,59th,44th,32nd,0.4854,0.9971,1.002,48.51%,99.66%,100.21%,32,34,34,45th,42nd,42nd,42575.0959613005,19225,88042.5292529253,68000,0.5,0.29,"$42,575","$19,225","$88,043","$68,000",10,17,4,6,16,18,62nd,33rd,87th,81st,39th,31st,0.4534,0.9809,1,45.32%,98.12%,99.99%,19,20,20,25th,20th,20th,37249.0488,18906.5,79597.2778222578,58000,0.49,0.32,"$37,249","$18,906","$79,597","$58,000",3,22,3,3,26,31,94th,44th,94th,94th,32nd,21st,0.5918,1.0555,1.034,59.18%,105.60%,103.40%,29,31,28,26th,21st,30th,27990.521373275,14054,72899.7746289149,56000,0.4,0.25,"$27,991","$14,054","$72,900","$56,000",17,22,8,12,24,25,60th,47th,82nd,73rd,43rd,40th,0.5101,1.0165,1.0076,51.04%,101.64%,100.76%,28,26,29,32nd,37th,30th,,,,,,,,,,,,,,,,,,,,,,,,,,,,,,,,,,,40806.4792033254,19341,91922.1760097982,68000,0.47,0.28,"$40,806","$19,341","$91,922","$68,000",5,23,2,6,18,31,92nd,56th,98th,89th,67th,41st,0.4682,0.982,1,46.86%,98.23%,99.99%,29,32,40,45th,39th,23rd
CO,33836.7731639624,18994,89949.5354053188,67000,0.42,0.26,"$33,837","$18,994","$89,950","$67,000",26,25,3,6,38,42,54th,56th,96th,90th,31st,24th,0.4703,0.9891,1,47.08%,98.89%,99.99%,36,38,46,38th,35th,20th,,,,,,,,,,,,,,,,,,,,,,,,,,,,,,,,,,,37235.3645833333,20192,79239.5833333333,57500,0.51,0.37,"$37,235","$20,192","$79,240","$57,500",4,13,4,4,24,17,92nd,68th,92nd,92nd,40th,57th,0.5639,1.0454,1.0246,56.43%,104.50%,102.41%,31,35,33,21st,10th,15th,28548.4785600847,14949,81435.150873478,60000,0.38,0.23,"$28,548","$14,949","$81,435","$60,000",16,17,3,6,28,31,62nd,60th,95th,88th,31st,25th,0.5023,1.0057,1.0056,50.27%,100.54%,100.54%,30,33,31,27th,20th,25th,,,,,,,,,,,,,,,,,,,,,,,,,,,,,,,,,,,34432.5774554646,19416,91058.8943755269,68000,0.42,0.26,"$34,433","$19,416","$91,059","$68,000",23,22,4,6,36,42,56th,58th,94th,89th,30th,20th,0.4659,0.9867,1,46.64%,98.67%,99.99%,30,30,40,43rd,43rd,23rd
CT,38592.5844508721,22020,79715.6260961066,63000,0.51,0.34,"$38,593","$22,020","$79,716","$63,000",7,8,22,18,10,10,89th,87th,61st,68th,84th,84th,0.4453,1.1324,1,44.55%,113.19%,99.99%,47,2,46,19th,98th,20th,40223.3421052632,26278,71236.8421052632,66000,0.53,0.44,"$40,223","$26,278","$71,237","$66,000",14,2,16,8,14,3,45th,95th,37th,70th,47th,91st,0.4101,0.9555,1,41.03%,95.59%,99.99%,24,24,20,4th,4th,20th,34194.7021943574,19688.5,59549.4505494506,49000,0.54,0.38,"$34,195","$19,688","$59,549","$49,000",15,17,20,24,16,13,63rd,57th,50th,39th,60th,68th,0.5989,1.1503,1.0339,59.84%,115.06%,103.40%,27,2,29,31st,97th,26th,28832.6675843083,14497,58925.6710254646,50000,0.48,0.3,"$28,833","$14,497","$58,926","$50,000",14,20,30,28,6,12,67th,52nd,27th,32nd,86th,73rd,0.5573,1.8789,1.0167,55.77%,187.88%,101.64%,15,1,20,65th,100th,52nd,,,,,,,,,,,,,,,,,,,,,,,,,,,,,,,,,,,40423.6241777203,23645,84417.5207681519,67000,0.51,0.34,"$40,424","$23,645","$84,418","$67,000",6,3,12,12,6,4,90th,96th,78th,79th,91st,93rd,0.4194,1.0234,1,41.91%,102.30%,99.99%,46,14,40,11th,74th,23rd
DC,58202.8403386755,28112,96513.456304808,74000,0.62,0.42,"$58,203","$28,112","$96,513","$74,000",1,2,1,1,2,2,100th,98th,100th,100th,98th,98th,0.5304,1.0231,1.0192,53.02%,102.30%,101.97%,23,26,15,61st,56th,75th,,,,,,,,,,,,,,,,,,,,,,,,,,,,,,,,,,,50556.8467569494,26312,85672.131147541,60000,0.61,0.42,"$50,557","$26,312","$85,672","$60,000",1,1,2,2,2,3,100th,100th,97th,97th,97th,94th,0.6101,1.0682,1.0457,61.05%,106.81%,104.61%,25,28,24,36th,28th,39th,33095.4375,23502,101125,65500,0.38,0.3,"$33,095","$23,502","$101,125","$65,500",6,1,1,1,28,12,87th,100th,100th,100th,31st,73rd,0.4468,0.9507,1,44.66%,95.04%,99.99%,39,39,38,5th,5th,8th,,,,,,,,,,,,,,,,,,,,,,,,,,,,,,,,,,,64362.4375,29970.5,104559.829059829,84000,0.63,0.42,"$64,362","$29,970","$104,560","$84,000",1,1,1,1,1,1,100th,100th,100th,100th,100th,100th,0.4733,0.99,1.004,47.30%,99.00%,100.43%,28,29,26,47th,45th,50th
DE,36948.0296886314,20663.5,76682.0159535896,61000,0.49,0.33,"$36,948","$20,664","$76,682","$61,000",11,16,32,30,16,14,81st,72nd,43rd,47th,73rd,75th,0.5256,1.0266,1.0141,52.58%,102.63%,101.42%,24,23,25,59th,61st,57th,,,,,,,,,,,,,,,,,,,,,,,,,,,,,,,,,,,36405.4463414634,19826.5,62295.8435207824,53000,0.55,0.38,"$36,405","$19,826","$62,296","$53,000",6,16,14,10,11,13,86th,60th,65th,75th,73rd,68th,0.6314,1.0752,1.0427,63.14%,107.47%,104.28%,22,26,25,44th,34th,36th,27798.9473684211,12203,60263.1578947368,53000,0.42,0.26,"$27,799","$12,203","$60,263","$53,000",18,31,27,18,18,24,57th,25th,35th,57th,57th,43rd,0.6078,1.082,1.0179,60.83%,108.24%,101.75%,5,6,16,90th,87th,62nd,,,,,,,,,,,,,,,,,,,,,,,,,,,,,,,,,,,37125.2928816467,20879,79354.6586517819,63000,0.48,0.32,"$37,125","$20,879","$79,355","$63,000",12,15,29,28,14,14,78th,72nd,45th,47th,74th,74th,0.5056,1.017,1.0115,50.60%,101.75%,101.20%,20,17,17,62nd,68th,68th
FL,35001.8963996251,18046,76722.1169588492,60000,0.46,0.29,"$35,002","$18,046","$76,722","$60,000",22,32,31,34,24,30,61st,43rd,45th,40th,57th,47th,0.575,1.0523,1.027,57.53%,105.27%,102.74%,11,11,9,82nd,82nd,85th,28890.5,12218.5,62700,52000,0.58,0.25,"$28,890","$12,218","$62,700","$52,000",22,23,18,20,6,21,12th,8th,29th,20th,77th,16th,0.6571,1.072,1.037,65.67%,107.25%,103.73%,5,6,6,83rd,79th,79th,29519.2842121076,15268,61242.0688618253,50000,0.47,0.3,"$29,519","$15,268","$61,242","$50,000",27,33,16,19,32,34,31st,15th,60th,52nd,18th,11th,0.6652,1.1046,1.0589,66.55%,110.44%,105.93%,11,16,12,73rd,60th,71st,35609.8272831151,17156,76069.3295794475,60000,0.47,0.28,"$35,610","$17,156","$76,069","$60,000",4,12,5,6,10,20,92nd,72nd,90th,88th,78th,53rd,0.5788,1.0553,1.0272,57.86%,105.49%,102.74%,11,10,8,75th,77th,82nd,,,,,,,,,,,,,,,,,,,,,,,,,,,,,,,,,,,35819.5711180808,18829,79768.8007710313,62000,0.46,0.29,"$35,820","$18,829","$79,769","$62,000",18,26,28,32,21,26,66th,50th,47th,39th,60th,50th,0.5582,1.0422,1.0222,55.77%,104.17%,102.19%,7,6,6,88th,90th,90th
GA,35880.5477357265,21221.5,72372.1129422884,57000,0.52,0.35,"$35,881","$21,222","$72,372","$57,000",16,13,43,46,6,6,72nd,78th,23rd,19th,90th,91st,0.6188,1.0744,1.0458,61.93%,107.47%,104.61%,5,5,3,92nd,92nd,96th,42725.6061946903,26014.5,77460.1769911504,64000,0.57,0.41,"$42,726","$26,014","$77,460","$64,000",9,4,13,10,8,6,66th,87th,50th,62nd,68th,77th,0.5773,1.0675,1.0318,57.75%,106.70%,103.18%,9,7,8,66th,75th,70th,35159.3255683187,21903,62387.3533665435,51000,0.56,0.4,"$35,159","$21,903","$62,387","$51,000",9,7,13,14,5,6,78th,84th,68th,64th,89th,85th,0.6906,1.1178,1.0683,69.08%,111.76%,106.81%,7,9,4,84th,78th,92nd,36373.501059322,21801.5,69711.2526539278,56000,0.54,0.36,"$36,374","$21,802","$69,711","$56,000",3,2,11,12,1,4,95th,97th,75th,73rd,100th,92nd,0.6074,1.0663,1.0393,60.72%,106.59%,103.95%,6,7,6,87th,85th,87th,,,,,,,,,,,,,,,,,,,,,,,,,,,,,,,,,,,36229.1199346081,20760.5,78614.3742255266,61000,0.49,0.32,"$36,229","$20,760","$78,614","$61,000",16,16,32,38,11,14,70th,70th,39th,28th,80th,74th,0.573,1.0461,1.0271,57.31%,104.61%,102.74%,2,3,2,98th,96th,98th
HI,31808.626877166,16933,82498.0739599384,65000,0.42,0.25,"$31,809","$16,933","$82,498","$65,000",32,40,13,13,38,46,43rd,29th,78th,78th,31st,19th,0.4576,0.9809,1,45.76%,98.12%,99.99%,43,40,46,26th,31st,20th,35351.6179851251,18554,86039.8918187965,67000,0.45,0.27,"$35,352","$18,554","$86,040","$67,000",17,18,6,7,20,20,33rd,29th,79th,75th,20th,20th,0.4334,0.9651,1,43.34%,96.47%,99.99%,22,23,20,12th,8th,20th,,,,,,,,,,,,,,,,,,,,,,,,,,,,,,,,,,,,,,,,,,,,,,,,,,,,,,,,,,,,,,,,,,,,,,,,,,,,,,,,,,,,,,,,,,,,,,,,,,,,,,,28443.3136531365,16011.5,80896.6789667897,66000,0.38,0.23,"$28,443","$16,012","$80,897","$66,000",46,43,25,16,47,48,11th,17th,52nd,70th,9th,7th,0.4916,0.9915,1.0025,49.17%,99.11%,100.21%,25,28,27,52nd,47th,49th
IA,28847.1783917119,17318,73788.112164297,61000,0.41,0.27,"$28,847","$17,318","$73,788","$61,000",47,36,38,30,42,38,16th,36th,32nd,47th,25th,32nd,0.4385,0.9685,1,43.89%,96.80%,99.99%,50,51,46,14th,12th,20th,,,,,,,,,,,,,,,,,,,,,,,,,,,,,,,,,,,30366.5714285714,25811.5,57535.7142857143,53500,0.53,0.46,"$30,367","$25,812","$57,536","$53,500",23,2,27,8,18,2,42nd,97th,31st,81st,55th,97th,0.7113,1.1353,1.0669,71.17%,113.52%,106.70%,1,3,7,100th,94th,84th,25774.9207920792,14933,61900.9900990099,57000,0.41,0.28,"$25,775","$14,933","$61,901","$57,000",23,18,23,8,20,20,45th,57th,45th,81st,51st,53rd,0.5504,1.0259,1.024,55.00%,102.63%,102.41%,19,23,11,55th,45th,75th,,,,,,,,,,,,,,,,,,,,,,,,,,,,,,,,,,,28901.9360401003,17325,73970.0040128411,61000,0.41,0.27,"$28,902","$17,325","$73,970","$61,000",44,38,42,38,40,36,15th,27th,19th,28th,22nd,30th,0.4366,0.9676,1,43.67%,96.80%,99.99%,41,43,40,21st,17th,23rd
ID,27442.344469807,15802,81981.3122923588,62000,0.37,0.23,"$27,442","$15,802","$81,981","$62,000",52,46,15,24,53,50,7th,18th,74th,59th,5th,10th,0.4854,1.0016,1.002,48.51%,100.21%,100.21%,33,33,34,43rd,43rd,42nd,,,,,,,,,,,,,,,,,,,,,,,,,,,,,,,,,,,,,,,,,,,,,,,,,,,,,,,,,,,,,,,,,,,,,20646.9565217391,13573,57000,48000,0.4,0.29,"$20,647","$13,573","$57,000","$48,000",35,25,33,33,24,16,15th,40th,20th,20th,43rd,63rd,0.5243,1.0643,1.0114,52.47%,106.48%,101.09%,23,8,24,45th,82nd,42nd,,,,,,,,,,,,,,,,,,,,,,,0.2857,0.8828,0.9604,28.60%,88.33%,96.03%,18,17,17,5th,11th,11th,27512.5206715635,15864,82170.0608859962,62000,0.37,0.23,"$27,513","$15,864","$82,170","$62,000",50,45,20,32,49,48,3rd,13th,62nd,39th,5th,7th,0.4853,1.0017,1.0021,48.51%,100.21%,100.21%,26,26,28,50th,50th,47th
IL,37760.979630089,20803,77133.1881340979,61000,0.5,0.33,"$37,761","$20,803","$77,133","$61,000",10,15,29,30,12,14,83rd,74th,49th,47th,79th,75th,0.4892,1.0024,1.005,48.95%,100.21%,100.54%,31,32,31,47th,45th,47th,45949.3700564972,24745.5,76381.3559322034,62000,0.57,0.38,"$45,949","$24,746","$76,381","$62,000",6,8,14,14,8,10,79th,70th,45th,45th,68th,62nd,0.4868,1.0109,1.0017,48.73%,101.09%,100.21%,13,12,14,50th,54th,47th,34477.7355088021,19681.5,59280.6527807602,49000,0.55,0.38,"$34,478","$19,682","$59,281","$49,000",13,18,22,24,11,13,68th,55th,44th,39th,73rd,68th,0.6778,1.1155,1.0667,67.76%,111.54%,106.70%,8,10,8,81st,76th,81st,29930.4056278206,17534,66871.7812582957,55000,0.46,0.31,"$29,930","$17,534","$66,872","$55,000",12,10,17,15,13,8,72nd,77th,60th,65th,70th,83rd,0.4853,1.007,1.0023,48.51%,100.65%,100.21%,34,32,34,17th,22nd,17th,,,,,,,,,,,,,,,,,,,,,,,,,,,,,,,,,,,39312.0675188463,21416,81596.9110843988,65000,0.5,0.32,"$39,312","$21,416","$81,597","$65,000",9,11,22,20,8,14,84th,80th,58th,63rd,85th,74th,0.4589,0.9827,1,45.87%,98.23%,99.99%,33,31,40,37th,41st,23rd
IN,30285.4184360701,17947,71335.3050097727,58000,0.44,0.29,"$30,285","$17,947","$71,335","$58,000",40,33,44,42,32,30,29th,41st,21st,26th,44th,47th,0.5155,1.0206,1.0135,51.59%,102.08%,101.31%,28,29,27,52nd,50th,54th,,,,,,,,,,,,,,,,,,,,,,,,,,,,,,,,,,,27667.9769736842,16270.5,55686.8421052632,48000,0.48,0.33,"$27,668","$16,270","$55,687","$48,000",32,30,31,31,30,27,18th,23rd,21st,21st,25th,31st,0.6488,1.1127,1.0587,64.90%,111.32%,105.82%,16,11,13,60th,73rd,68th,24459.4955357143,15154.5,55312.5,49000,0.46,0.3,"$24,459","$15,154","$55,312","$49,000",27,15,34,30,13,12,35th,65th,17th,28th,70th,73rd,0.6374,1.0998,1.0538,63.69%,110.00%,105.38%,4,4,3,92nd,92nd,95th,,,,,,,,,,,,,,,,,,,,,,,,,,,,,,,,,,,30610.4205729167,18199.5,72918.266779949,59000,0.44,0.29,"$30,610","$18,200","$72,918","$59,000",38,33,44,43,30,26,27th,37th,15th,17th,43rd,50th,0.5029,1.0117,1.0096,50.27%,101.20%,100.98%,22,22,20,58th,58th,62nd
KS,29023.5040095751,17282,73022.9967660798,58000,0.42,0.28,"$29,024","$17,282","$73,023","$58,000",46,37,40,42,38,34,18th,34th,29th,26th,31st,40th,0.4913,1.0027,1.0054,49.17%,100.32%,100.54%,30,31,30,49th,47th,49th,,,,,,,,,,,,,,,,,,,,,,,,,,,,,,,,,,,20475.2043010753,14987,49698.9247311828,43000,0.43,0.31,"$20,475","$14,987","$49,699","$43,000",38,34,37,37,34,33,2nd,13th,5th,5th,11th,15th,0.5337,1.0609,1.0247,53.35%,106.04%,102.52%,35,30,32,10th,23rd,18th,24462.5551839465,13722,61238.2550335571,51000,0.4,0.24,"$24,463","$13,722","$61,238","$51,000",26,23,24,25,24,28,37th,45th,42nd,40th,43rd,32nd,0.4809,0.9999,1.0015,48.07%,99.99%,100.10%,36,35,35,12th,15th,15th,,,,,,,,,,,,,,,,,,,,,,,,,,,,,,,,,,,29326.8119798235,17520,73765.047318612,59000,0.42,0.28,"$29,327","$17,520","$73,765","$59,000",43,36,43,43,36,31,17th,31st,17th,17th,30th,41st,0.4919,1.0026,1.0057,49.17%,100.21%,100.54%,24,25,24,54th,52nd,54th
KY,31067.9095284712,18195,69047.7434097772,56000,0.46,0.31,"$31,068","$18,195","$69,048","$56,000",35,31,48,48,24,22,38th,45th,14th,15th,57th,62nd,0.5556,1.0358,1.0208,55.55%,103.62%,102.08%,14,15,13,77th,75th,78th,,,,,,,,,,,,,,,,,,,,,,,,,,,,,,,,,,,26203.4489247312,16479,51956.9892473118,46000,0.51,0.34,"$26,203","$16,479","$51,957","$46,000",35,29,36,36,24,24,10th,26th,7th,7th,40th,39th,0.6621,1.0854,1.0567,66.22%,108.57%,105.71%,14,23,15,65th,42nd,63rd,,,,,,,,,,,,,,,,,,,,,,,,,,,,,,,,,,,,,,,,,,,,,,,,,,,,,,,,,,,,,,,,,,,,,31221.7653768165,18315.5,69611.3599864762,56000,0.46,0.31,"$31,222","$18,316","$69,611","$56,000",35,32,50,50,21,18,33rd,39th,3rd,4th,60th,66th,0.5521,1.0341,1.0196,55.22%,103.40%,101.97%,8,8,7,86th,86th,88th
LA,30684.0858585859,16135,67932.0165365182,54000,0.46,0.29,"$30,684","$16,135","$67,932","$54,000",38,43,51,52,24,30,32nd,23rd,9th,8th,57th,47th,0.6016,1.0639,1.0334,60.17%,106.37%,103.29%,6,7,6,91st,89th,91st,72800.6666666667,21848,54222.2222222222,43000,0.99,0.56,"$72,801","$21,848","$54,222","$43,000",1,11,22,24,1,1,100th,58th,12th,6th,100th,100th,0.6875,1.1028,1.0766,68.75%,110.33%,107.69%,4,3,3,89th,91st,91st,29402.8125620655,16171,57804.6176762661,48000,0.49,0.33,"$29,403","$16,171","$57,805","$48,000",28,31,26,31,26,27,28th,21st,34th,21st,32nd,31st,0.6698,1.108,1.0582,66.99%,110.77%,105.82%,10,15,14,76th,63rd,65th,31378.8043478261,18245.5,49152.1739130435,45500,0.53,0.42,"$31,379","$18,246","$49,152","$45,500",9,8,39,37,2,1,80th,82nd,5th,10th,97th,100th,0.6791,1.1313,1.0665,67.87%,113.08%,106.70%,1,2,1,100th,97th,100th,,,,,,,,,,,,,,,,,,,,,,,,,,,,,,,,,,,31239.1903805379,16121,72628.4757118928,58000,0.44,0.27,"$31,239","$16,121","$72,628","$58,000",34,41,45,46,30,36,35th,21st,13th,12th,43rd,30th,0.5683,1.0422,1.0227,56.87%,104.17%,102.30%,3,7,5,96th,88th,92nd
MA,39220.2462837692,23090,86693.1465517241,67000,0.5,0.33,"$39,220","$23,090","$86,693","$67,000",6,3,6,6,12,14,90th,96th,90th,90th,79th,75th,0.4052,0.9927,1,40.48%,99.22%,99.99%,55,35,46,5th,40th,20th,46215.6818181818,25685,83323.2323232323,68500,0.63,0.42,"$46,216","$25,685","$83,323","$68,500",5,5,8,4,3,4,83rd,83rd,70th,87th,91st,85th,0.4631,0.9935,1,46.31%,99.33%,99.99%,17,14,20,33rd,45th,20th,33922.3776744186,21662,70957.1295433365,55000,0.52,0.36,"$33,922","$21,662","$70,957","$55,000",16,9,6,6,20,20,60th,78th,86th,86th,48th,51st,0.5247,1.2021,1.012,52.47%,120.23%,101.20%,36,1,36,7th,100th,7th,33019.9236526946,16690.5,72313.622754491,56000,0.47,0.28,"$33,020","$16,690","$72,314","$56,000",7,13,9,12,10,20,85th,70th,80th,73rd,78th,53rd,0.5041,1.0489,1.0084,50.38%,104.94%,100.87%,29,13,27,30th,70th,35th,,,,,,,,,,,,,,,,,,,,,,,,,,,,,,,,,,,39827.2674797143,23500,88497.2295129776,69000,0.5,0.33,"$39,827","$23,500","$88,497","$69,000",7,5,7,3,8,9,88th,92nd,88th,96th,85th,84th,0.3924,0.978,1,39.27%,97.79%,99.99%,50,33,40,3rd,37th,23rd
MD,40371.0735252046,22403,83041.9552401122,63000,0.52,0.34,"$40,371","$22,403","$83,042","$63,000",3,7,11,18,6,10,96th,89th,81st,68th,90th,84th,0.5378,1.0285,1.0171,53.79%,102.85%,101.75%,18,21,18,70th,64th,70th,45697.9398496241,20628,90330.8270676692,68000,0.5,0.3,"$45,698","$20,628","$90,331","$68,000",7,15,2,6,16,16,75th,41st,95th,81st,39th,39th,0.5519,1.0335,1.0235,55.22%,103.40%,102.30%,10,10,10,62nd,62nd,62nd,39113.5992809283,22581,72638.2804838182,56000,0.55,0.37,"$39,114","$22,581","$72,638","$56,000",2,4,5,5,11,17,97th,92nd,89th,89th,73rd,57th,0.6276,1.0863,1.0516,62.81%,108.68%,105.16%,23,22,19,42nd,44th,52nd,38593.6002824859,21104.5,78545.9688826026,62000,0.52,0.31,"$38,594","$21,104","$78,546","$62,000",1,4,4,4,4,8,100th,92nd,92nd,92nd,93rd,83rd,0.5526,1.0373,1.0171,55.22%,103.73%,101.75%,17,18,18,60th,57th,57th,,,,,,,,,,,,,,,,,,,,,,,,,,,,,,,,,,,41165.6755212796,22436,89310.5057624536,68000,0.5,0.32,"$41,166","$22,436","$89,311","$68,000",4,7,6,6,8,14,94th,88th,90th,89th,85th,74th,0.4841,0.9931,1.0046,48.40%,99.33%,100.43%,27,27,25,49th,49th,52nd
ME,35378.8647197767,19889,80631.2285223368,65000,0.46,0.3,"$35,379","$19,889","$80,631","$65,000",20,21,20,13,24,26,65th,63rd,65th,78th,57th,55th,0.4404,0.9652,1,44.00%,96.47%,99.99%,49,52,46,15th,10th,20th,,,,,,,,,,,,,,,,,,,,,,,,,,,,,,,,,,,,,,,,,,,,,,,,,,,,,,,,,,,,,,,,,,,,,,,,,,,,,,,,,,,,,,,,,,,,,,,,,,,,,,,,,,,,,,,,,,,,,,,,,,,,,,,,,,,,,,,,,35447.1822702703,19892,80662.6297577855,65000,0.46,0.3,"$35,447","$19,892","$80,663","$65,000",20,20,27,20,21,22,62nd,62nd,49th,63rd,60th,58th,0.4406,0.9655,1,44.11%,96.58%,99.99%,40,45,40,23rd,13th,23rd
MI,35530.2946623276,20203,74321.677852349,59000,0.48,0.32,"$35,530","$20,203","$74,322","$59,000",18,20,37,36,18,18,69th,65th,34th,35th,70th,69th,0.5361,1.0305,1.0173,53.57%,103.07%,101.75%,20,18,17,66th,70th,71st,52645.6138613861,27379,84693.0693069307,59000,0.6,0.42,"$52,646","$27,379","$84,693","$59,000",2,1,7,16,5,4,95th,100th,75th,39th,83rd,85th,0.6278,1.09,1.0325,62.81%,109.01%,103.29%,7,4,7,75th,87th,75th,30060.436747872,17182,56409.8649442161,48000,0.51,0.35,"$30,060","$17,182","$56,410","$48,000",25,24,28,31,24,22,36th,39th,28th,21st,40th,44th,0.7064,1.1344,1.078,70.62%,113.41%,107.80%,5,4,2,89th,92nd,97th,26139.7315789474,15065.5,54015.7894736842,48000,0.47,0.29,"$26,140","$15,066","$54,016","$48,000",21,16,36,33,10,16,50th,62nd,12th,20th,78th,63rd,0.5969,1.0306,1.0264,59.73%,103.07%,102.63%,7,20,9,85th,52nd,80th,,,,,,,,,,,,,,,,,,,,,,,,,,,,,,,,,,,36254.5373140052,20599,76777.7905638665,61000,0.48,0.32,"$36,255","$20,599","$76,778","$61,000",15,19,38,38,14,14,72nd,64th,27th,28th,74th,74th,0.5139,1.0169,1.0125,51.37%,101.64%,101.20%,16,18,14,70th,66th,74th
MN,33640.1533748443,20645,83916.2016739737,67000,0.44,0.29,"$33,640","$20,645","$83,916","$67,000",28,17,9,6,32,30,50th,70th,85th,90th,44th,47th,0.4378,0.9631,1,43.78%,96.36%,99.99%,51,53,46,12th,8th,20th,29272.832884097,17273,68512.1293800539,58000,0.44,0.3,"$29,273","$17,273","$68,512","$58,000",20,20,17,17,21,16,20th,20th,33rd,33rd,16th,39th,0.5068,1.0028,1.0094,50.71%,100.32%,100.98%,12,13,12,54th,50th,54th,32511.0756646217,20365,67128.8343558282,54000,0.48,0.33,"$32,511","$20,365","$67,129","$54,000",20,12,8,7,30,27,50th,71st,81st,84th,25th,31st,0.5628,1.0378,1.0234,56.32%,103.73%,102.30%,32,36,34,18th,7th,13th,29515.1538461539,19748,75945.054945055,63000,0.42,0.28,"$29,515","$19,748","$75,945","$63,000",13,7,6,3,18,20,70th,85th,87th,95th,57th,53rd,0.4603,1.0093,1,45.98%,100.98%,99.99%,37,31,38,10th,25th,8th,19469.125,15272,72125,60000,0.28,0.26,"$19,469","$15,272","$72,125","$60,000",7,2,4,4,11,3,57th,92nd,78th,78th,28th,85th,0.6897,1.0619,1.0773,68.97%,106.15%,107.69%,1,5,1,100th,77th,100th,33815.8358874777,20735,84703.0602068133,67000,0.44,0.29,"$33,816","$20,735","$84,703","$67,000",27,17,11,12,30,26,49th,68th,80th,79th,43rd,50th,0.4327,0.9601,1,43.23%,96.03%,99.99%,43,47,40,17th,9th,23rd
MO,32355.7684364126,18937,73071.3322848798,59000,0.46,0.31,"$32,356","$18,937","$73,071","$59,000",31,26,39,36,24,22,45th,54th,30th,35th,57th,62nd,0.5324,1.0244,1.016,53.24%,102.41%,101.64%,22,25,22,63rd,57th,64th,,,,,,,,,,,,,,,,,,,,,,,,,,,,,,,,,,,33069.6731078905,20498,57967.7419354839,49000,0.55,0.39,"$33,070","$20,498","$57,968","$49,000",18,11,25,24,11,9,55th,73rd,36th,39th,73rd,78th,0.6929,1.1342,1.0785,69.30%,113.41%,107.8%,6,5,1,86th,89th,100th,20688.0454545455,17388.5,53909.0909090909,50500,0.39,0.29,"$20,688","$17,388","$53,909","$50,500",34,11,37,27,26,16,17th,75th,10th,35th,36th,63rd,0.521,1.0123,1.0232,52.14%,101.20%,102.3%,25,28,12,40th,32nd,71st,,,,,,,,,,,,,,,,,,,,,,,,,,,,,,,,,,,32315.8922087746,18783,74925.2507411846,61000,0.45,0.3,"$32,316","$18,783","$74,925","$61,000",31,27,39,38,26,22,41st,49th,25th,28th,51st,58th,0.5131,1.011,1.0118,51.26%,101.09%,101.2%,18,23,16,66th,56th,70th
MP,41176.2333333333,19561,65833.3333333333,61000,0.5,0.36,"$41,176","$19,561","$65,833","$61,000",2,22,52,30,12,4,98th,61st,7th,47th,79th,95th,0.4748,0.9746,1,47.52%,97.46%,99.99%,35,43,46,40th,26th,20th,,,,,,,,,,,,,,,,,,,,,,,,,,,,,,,,,,,,,,,,,,,,,,,,,,,,,,,,,,,,,,,,,,,,,,,,,,,,,,,,,,,,,,,,,,,,,,,,,,,,,,,,,,,,,,,,,,,,,,,,,,,,,,,,,,,,,,,,,,,,,,,,,,,,,,,,,,,,,,,,,,,,,,,,,,
MS,30259.7517529832,16009,63128.5995569776,51000,0.47,0.3,"$30,260","$16,009","$63,129","$51,000",41,44,53,53,20,26,27th,21st,5th,5th,65th,55th,0.6331,1.083,1.0457,63.36%,108.35%,104.61%,4,3,4,94th,96th,94th,,,,,,,,,,,,,,,,,,,,,,,,,,,,,,,,,,,30289.5663069962,15691,54507.4886799025,47000,0.52,0.33,"$30,290","$15,691","$54,507","$47,000",24,32,34,35,20,27,39th,18th,13th,10th,48th,31st,0.7106,1.1256,1.067,71.06%,112.53%,106.70%,2,7,6,97th,84th,86th,,,,,,,,,,,,,,,,,,,,,,,,,,,,,,,,,,,,,,,,,,,,,,,,,,,,,,,,,0.4,0.9026,0.858,40.04%,90.31%,85.80%,14,14,18,27th,27th,5th,30311.8908916587,16148,67925.9685462217,55000,0.45,0.28,"$30,312","$16,148","$67,926","$55,000",41,40,51,51,26,31,21st,23rd,1st,1st,51st,41st,0.5863,1.0572,1.029,58.63%,105.71%,102.85%,1,1,1,100th,100th,100th
MT,27763.708348135,15085,77994.6695095949,62000,0.38,0.24,"$27,764","$15,085","$77,995","$62,000",50,49,25,24,52,48,10th,12th,56th,59th,8th,14th,0.4585,0.9703,1,45.87%,97.02%,99.99%,41,49,46,29th,15th,20th,,,,,,,,,,,,,,,,,,,,,,,,,,,,,,,,,,,,,,,,,,,,,,,,,,,,,,,,,,,,,,,,,,,,,,,,,,,,,,,,,,,,,,,,,,,,,,,,,,,,,,,12795.0571428571,5578,60657.1428571429,47000,0.23,0.1,"$12,795","$5,578","$60,657","$47,000",13,14,8,12,12,14,14th,7th,50th,21st,21st,10th,0.5631,1.0304,1.0167,56.32%,103.07%,101.64%,8,7,7,61st,66th,66th,28016.2761004001,15287,78283.8427947598,62000,0.38,0.25,"$28,016","$15,287","$78,284","$62,000",47,48,34,32,47,44,9th,7th,35th,39th,9th,14th,0.4591,0.97,1,45.87%,97.02%,99.99%,32,41,40,39th,21st,23rd
NC,35538.995707565,21589,74940.7399773266,59000,0.5,0.34,"$35,539","$21,589","$74,941","$59,000",17,9,34,36,12,10,70th,85th,40th,35th,79th,84th,0.5597,1.0391,1.0225,55.99%,103.95%,102.30%,13,14,12,78th,77th,80th,40099.0740740741,26221,80481.4814814815,64000,0.53,0.36,"$40,099","$26,221","$80,481","$64,000",15,3,11,10,14,11,41st,91st,58th,62nd,47th,58th,0.4482,0.979,1,44.77%,97.90%,99.99%,20,21,20,20th,16th,20th,35481.7335054041,22754,65087.9599741769,53000,0.55,0.41,"$35,482","$22,754","$65,088","$53,000",8,3,9,10,11,4,81st,94th,78th,75th,73rd,90th,0.6392,1.0893,1.0562,63.91%,108.90%,105.60%,19,21,16,52nd,47th,60th,32795.0795454545,21191,65928.9772727273,52000,0.51,0.37,"$32,795","$21,191","$65,929","$52,000",8,3,19,22,5,3,82nd,95th,55th,48th,90th,95th,0.6593,1.0833,1.059,65.89%,108.35%,105.93%,3,5,2,95th,90th,97th,23796.6363636364,16145,59646.4646464647,53000,0.39,0.32,"$23,797","$16,145","$59,646","$53,000",2,1,9,6,1,1,92nd,100th,42nd,67th,100th,100th,0.6452,1.0757,1.0578,64.57%,107.58%,105.82%,2,2,3,94th,94th,88th,35642.5218091531,21366,77884.8012889366,62000,0.48,0.33,"$35,643","$21,366","$77,885","$62,000",19,12,35,32,14,9,64th,78th,33rd,39th,74th,84th,0.5347,1.0235,1.0165,53.46%,102.30%,101.64%,11,13,11,80th,76th,80th
ND,30779.9244052187,19135.5,83723.8863287251,68000,0.4,0.27,"$30,780","$19,136","$83,724","$68,000",37,23,10,4,46,38,34th,60th,83rd,94th,18th,32nd,0.411,0.9473,1,41.14%,94.71%,99.99%,53,55,46,8th,5th,20th,,,,,,,,,,,,,,,,,,,,,,,,,,,,,,,,,,,,,,,,,,,,,,,,,,,,,,,,,,,,,,,,,,,,,,,,,,,,,,,,,,,,,,,,,,,,,,,,,,,,,,,13111.71875,7099.5,70500,48000,0.22,0.15,"$13,112","$7,100","$70,500","$48,000",12,12,6,10,14,10,21st,21st,64th,32nd,10th,35th,0.3721,0.8875,1,37.18%,88.77%,99.99%,16,16,12,16th,16th,41st,31091.5699725598,19517,83909.7685366811,68000,0.41,0.27,"$31,092","$19,517","$83,910","$68,000",36,21,16,6,40,36,31st,60th,70th,89th,22nd,30th,0.4109,0.9477,1,41.14%,94.82%,99.99%,47,49,40,9th,5th,23rd
NE,30170.4413631808,16941,77085.9100785559,63000,0.4,0.26,"$30,170","$16,941","$77,086","$63,000",42,39,30,18,46,42,25th,30th,47th,68th,18th,24th,0.4583,0.9755,1,45.87%,97.57%,99.99%,42,42,46,28th,28th,20th,,,,,,,,,,,,,,,,,,,,,,,,,,,,,,,,,,,29273.5157894737,13459,56284.2105263158,50000,0.43,0.3,"$29,274","$13,459","$56,284","$50,000",29,36,29,19,34,34,26th,7th,26th,52nd,11th,11th,0.6416,1.0668,1.0418,64.13%,106.70%,104.17%,17,29,26,57th,26th,34th,23462.1643835617,9530.5,64280.8219178082,52000,0.35,0.17,"$23,462","$9,530","$64,281","$52,000",29,38,21,22,34,39,30th,7th,50th,48th,18th,5th,0.5224,0.9997,1.0077,52.25%,99.99%,100.76%,24,36,28,42nd,12th,32nd,34220.6666666667,12022,85600,84000,0.36,0.14,"$34,221","$12,022","$85,600","$84,000",1,5,1,1,3,11,100th,71st,100th,100th,85th,28th,0.3978,0.896,0.9894,39.82%,89.65%,98.89%,15,15,14,22nd,22nd,27th,30435.110466139,17303,77826.1175642379,63000,0.41,0.26,"$30,435","$17,303","$77,826","$63,000",39,39,37,28,40,42,25th,25th,29th,47th,22nd,20th,0.4554,0.9745,1,45.54%,97.46%,99.99%,35,36,40,33rd,31st,23rd
NH,36090.318520008,21442,86966.6063166365,69000,0.45,0.3,"$36,090","$21,442","$86,967","$69,000",15,10,5,3,28,26,74th,83rd,92nd,96th,50th,55th,0.4004,0.948,1,40.04%,94.82%,99.99%,56,54,46,3rd,7th,20th,,,,,,,,,,,,,,,,,,,,,,,,,,,,,,,,,,,,,,,,,,,,,,,,,,,,,,,,,,,,,,,,,,,,,,,,,,,,,,,,,,,,,,,,,,,,,,,,,,,,,,,,,,,,,,,,,,,,,,,,,,,,,,,,,,,,,,,,,36136.5596441569,21464.5,87013.1472491909,69000,0.45,0.3,"$36,137","$21,464","$87,013","$69,000",17,10,8,3,26,22,68th,82nd,86th,96th,51st,58th,0.4006,0.9477,1,40.04%,94.82%,99.99%,49,48,40,5th,7th,23rd
NJ,39466.3561601643,22431,81591.5362755504,64000,0.52,0.34,"$39,466","$22,431","$81,592","$64,000",5,5,16,16,6,10,92nd,92nd,72nd,73rd,90th,84th,0.4557,0.9854,1,45.54%,98.56%,99.99%,44,39,46,24th,33rd,20th,48396.5656639765,25604,83181.2179016875,69000,0.58,0.39,"$48,397","$25,604","$83,181","$69,000",4,7,9,3,6,8,87th,75th,66th,91st,77th,68th,0.4715,0.9853,1,47.19%,98.56%,99.99%,16,18,20,37th,29th,20th,34825.4334030683,20150,62814.1562064156,51000,0.55,0.36,"$34,825","$20,150","$62,814","$51,000",11,14,12,14,11,20,73rd,65th,71st,64th,73rd,51st,0.5932,1.07,1.034,59.29%,107.03%,103.40%,28,27,28,28th,31st,30th,30568.1170459824,16653,68141.9609665428,55000,0.46,0.3,"$30,568","$16,653","$68,142","$55,000",11,14,14,15,13,12,75th,67th,67th,65th,70th,73rd,0.5107,1.0152,1.0092,51.04%,101.53%,100.87%,27,27,26,35th,35th,37th,,,,,,,,,,,,,,,,,,,,,,,,,,,,,,,,,,,41383.3222093248,23838,86907.7183643842,69000,0.53,0.34,"$41,383","$23,838","$86,908","$69,000",3,2,9,3,2,4,96th,98th,84th,96th,98th,93rd,0.4267,0.9684,1,42.68%,96.80%,99.99%,45,42,40,13th,19th,23rd
NM,27824.2844744455,13902,72754.7624789004,58000,0.39,0.24,"$27,824","$13,902","$72,755","$58,000",49,52,41,42,50,48,12th,7th,27th,26th,11th,14th,0.5426,1.0332,1.0166,54.23%,103.29%,101.64%,16,16,19,73rd,73rd,68th,,,,,,,,,,,,,,,,,,,,,,,,,,,,,,,,,,,,,,,,,,,,,,,,,,,,,,,,,,,,,,,,,,,,,25298.1623405191,13011,69011.0035211268,56000,0.37,0.24,"$25,298","$13,011","$69,011","$56,000",25,27,12,12,30,28,40th,35th,72nd,73rd,26th,32nd,0.5582,1.0369,1.022,55.77%,103.73%,102.19%,14,19,14,67th,55th,67th,20330.4090909091,10041.5,58505.6818181818,48000,0.32,0.21,"$20,330","$10,042","$58,506","$48,000",5,9,10,10,4,5,71st,42nd,35th,32nd,75th,71st,0.6206,1.0624,1.0429,62.04%,106.26%,104.28%,4,4,4,83rd,83rd,83rd,32202.9001814882,16080,79272.2323049002,62000,0.41,0.27,"$32,203","$16,080","$79,272","$62,000",32,42,30,32,40,36,39th,19th,43rd,39th,22nd,30th,0.5146,1.0244,1.0095,51.48%,102.41%,100.98%,15,12,21,72nd,78th,60th
NV,30534.2799777685,13908,77457.6153418566,58000,0.4,0.23,"$30,534","$13,908","$77,458","$58,000",39,51,27,42,46,50,30th,9th,52nd,26th,18th,10th,0.5352,1.0256,1.0155,53.57%,102.52%,101.53%,21,24,24,64th,59th,59th,31838.0769230769,14291,86615.3846153846,64000,0.38,0.22,"$31,838","$14,291","$86,615","$64,000",19,21,5,10,24,23,25th,16th,83rd,62nd,6th,8th,0.4286,0.97,1,42.90%,97.02%,99.99%,23,22,20,8th,12th,20th,23868.804,11391,60308,48000,0.38,0.22,"$23,869","$11,391","$60,308","$48,000",37,38,18,31,37,36,5th,2nd,55th,21st,5th,6th,0.6072,1.0496,1.0327,60.72%,104.94%,103.29%,26,33,30,34th,15th,23rd,20411.0005847953,10080,59021.6374269006,48000,0.34,0.21,"$20,411","$10,080","$59,022","$48,000",36,37,29,33,36,37,12th,10th,30th,20th,13th,10th,0.5563,1.0425,1.0177,55.66%,104.28%,101.75%,16,16,17,62nd,62nd,60th,,,,,,,,,,,,,,,,,,,,,,,0.4091,0.8169,0.9618,40.92%,81.73%,96.14%,13,18,16,33rd,5th,16th,34255.4829757922,15966,84275.5905511811,64000,0.42,0.24,"$34,255","$15,966","$84,276","$64,000",25,44,13,24,36,46,52nd,15th,76th,53rd,30th,11th,0.529,1.0212,1.0149,52.91%,102.08%,101.53%,13,15,13,76th,72nd,76th
NY,40029.8820557761,21388,77611.3460546674,62000,0.52,0.34,"$40,030","$21,388","$77,611","$62,000",4,11,26,24,6,10,94th,81st,54th,59th,90th,84th,0.4791,0.9907,1.0025,47.96%,99.11%,100.21%,34,36,32,42nd,38th,45th,45503.8467695826,20560,80624.7139588101,63000,0.54,0.33,"$45,504","$20,560","$80,625","$63,000",8,16,10,12,12,14,70th,37th,62nd,52nd,54th,45th,0.4428,0.9897,1,44.33%,99.00%,99.99%,21,17,20,16th,33rd,20th,36336.2130982368,19885.5,64003.654233871,51000,0.56,0.37,"$36,336","$19,886","$64,004","$51,000",7,15,11,14,5,17,84th,63rd,73rd,64th,89th,57th,0.5761,1.0511,1.0266,57.64%,105.16%,102.63%,30,32,31,23rd,18th,21st,33958.9619958988,18151,63178.7961696307,51000,0.52,0.34,"$33,959","$18,151","$63,179","$51,000",5,9,22,25,4,5,90th,80th,47th,40th,93rd,90th,0.5304,1.0264,1.0142,53.02%,102.63%,101.42%,21,22,22,50th,47th,47th,17489.0769230769,6513,53615.3846153846,40000,0.3,0.18,"$17,489","$6,513","$53,615","$40,000",10,13,13,14,8,8,35th,14th,14th,7th,46th,46th,0.3333,0.9217,0.9786,33.33%,92.18%,97.90%,17,12,15,11th,38th,22nd,41650.4930894706,22424,82716.3063393184,66000,0.52,0.34,"$41,650","$22,424","$82,716","$66,000",2,8,18,16,4,4,98th,86th,66th,70th,95th,93rd,0.4543,0.9734,1,45.43%,97.35%,99.99%,36,37,40,31st,29th,23rd
OH,34331.1780656349,20535,72635.7614153151,59000,0.48,0.33,"$34,331","$20,535","$72,636","$59,000",24,18,42,36,18,14,58th,69th,25th,35th,70th,75th,0.5232,1.0227,1.0157,52.36%,102.30%,101.53%,25,27,23,57th,54th,61st,51328.2666666667,21554,59666.6666666667,55000,0.91,0.54,"$51,328","$21,554","$59,667","$55,000",3,12,19,18,2,2,91st,54th,25th,29th,95th,95th,0.6466,1.1664,1.1056,64.68%,116.6%,110.55%,6,1,1,79th,100th,100th,31763.3411996067,19377,58081.406787998,49000,0.53,0.38,"$31,763","$19,377","$58,081","$49,000",22,20,24,24,18,13,44th,50th,39th,39th,55th,68th,0.664,1.1111,1.0655,66.44%,111.1%,106.59%,12,12,9,71st,71st,78th,16314.8260869565,7600.5,48021.7391304348,40000,0.31,0.22,"$16,315","$7,600","$48,022","$40,000",39,40,40,40,38,34,5th,2nd,2nd,2nd,6th,18th,0.6649,1.1108,1.044,66.44%,111.1%,104.39%,2,3,5,97th,95th,90th,,,,,,,,,,,,,,,,,,,,,,,,,,,,,,,,,,,34665.1446871311,20698,74434.2664776754,60000,0.48,0.33,"$34,665","$20,698","$74,434","$60,000",22,18,40,41,14,9,58th,66th,23rd,21st,74th,84th,0.5068,1.0121,1.0114,50.71%,101.2%,101.09%,19,21,18,64th,60th,66th
OK,27120.8636979873,15005,69417.6752921536,55000,0.4,0.26,"$27,121","$15,005","$69,418","$55,000",53,50,47,50,46,42,5th,10th,16th,11th,18th,24th,0.5393,1.0311,1.016,53.90%,103.07%,101.64%,17,17,22,71st,71st,64th,21354.5,18210,47444.4444444444,43000,0.42,0.35,"$21,354","$18,210","$47,444","$43,000",24,19,24,24,22,12,4th,25th,4th,6th,12th,52nd,0.7143,1.0613,1.0514,71.39%,106.15%,105.16%,2,8,5,95th,70th,83rd,24168.5,14720.5,54000,48000,0.44,0.32,"$24,168","$14,720","$54,000","$48,000",36,35,35,31,33,31,7th,10th,10th,21st,15th,21st,0.6321,1.0942,1.0493,63.25%,109.45%,104.94%,21,18,22,47th,55th,44th,20317.6218181818,10377,51149.6350364964,45000,0.39,0.24,"$20,318","$10,377","$51,150","$45,000",37,34,38,38,26,28,10th,17th,7th,7th,36th,32nd,0.5833,1.0623,1.028,58.30%,106.26%,102.85%,10,9,7,77th,80th,85th,19104.5666666667,10934.5,66233.3333333333,49000,0.32,0.2,"$19,105","$10,934","$66,233","$49,000",8,6,7,9,4,6,50th,64th,57th,42nd,75th,60th,0.5868,1.0751,1.0684,58.63%,107.47%,106.81%,6,3,2,72nd,88th,94th,27534.1005769884,15220,70710.0497962879,57000,0.4,0.26,"$27,534","$15,220","$70,710","$57,000",49,49,47,48,44,42,5th,5th,9th,8th,15th,20th,0.5339,1.0275,1.015,53.35%,102.74%,101.53%,12,10,12,78th,82nd,78th
OR,33730.5213185238,18679.5,82484.6339933698,61000,0.44,0.28,"$33,731","$18,680","$82,485","$61,000",27,28,14,30,32,34,52nd,50th,76th,47th,44th,40th,0.5028,1.0042,1.0072,50.27%,100.43%,100.76%,29,30,29,50th,49th,50th,,,,,,,,,,,,,,,,,,,,,,,,,,,,,,,,,,,,,,,,,,,,,,,,,,,,,,,,,,,,,,,,,,,,,21260.8855721393,12500,70124.3781094527,53000,0.35,0.24,"$21,261","$12,500","$70,124","$53,000",33,29,10,18,34,28,20th,30th,77th,57th,18th,32nd,0.5013,1.0106,1.003,50.16%,101.09%,100.32%,31,30,32,25th,27th,22nd,,,,,,,,,,,,,,,,,,,,,,,,,,,,,,,,,,,33975.9998173015,18778,82725.8771929825,61000,0.45,0.28,"$33,976","$18,778","$82,726","$61,000",26,28,17,38,26,31,50th,47th,68th,28th,51st,41st,0.503,1.0041,1.0073,50.27%,100.43%,100.76%,21,24,22,60th,54th,58th
PA,38527.908091749,22963.5,75948.5416334616,61000,0.53,0.36,"$38,528","$22,964","$75,949","$61,000",8,4,33,30,4,4,87th,94th,41st,47th,95th,95th,0.4685,0.9896,1.0006,46.86%,99.00%,100.10%,38,37,35,35th,36th,40th,41455.5833333333,24597,76145.8333333333,59000,0.56,0.39,"$41,456","$24,597","$76,146","$59,000",13,9,15,16,10,8,50th,66th,41st,39th,62nd,68th,0.4761,0.9916,1.0002,47.63%,99.11%,99.99%,15,15,15,41st,41st,41st,34252.7961711712,20655,59947.2735466426,50000,0.55,0.4,"$34,253","$20,655","$59,947","$50,000",14,10,19,19,11,6,65th,76th,52nd,52nd,73rd,85th,0.6262,1.0842,1.0474,62.59%,108.46%,104.72%,24,24,23,39th,39th,42nd,26198.4088307441,14691,54398.8533988534,46000,0.45,0.31,"$26,198","$14,691","$54,399","$46,000",20,19,35,36,15,8,52nd,55th,15th,12th,65th,83rd,0.5874,1.0516,1.0255,58.74%,105.16%,102.52%,9,11,10,80th,75th,77th,,,,,,,,,,,,,,,,,,,,,,,,,,,,,,,,,,,39412.186984177,23521.5,78512.6633879494,64000,0.52,0.36,"$39,412","$23,522","$78,513","$64,000",8,4,33,24,4,2,86th,94th,37th,53rd,95th,98th,0.4486,0.9775,1,44.88%,97.79%,99.99%,37,34,40,29th,35th,23rd
PR,26143.8520073912,10098,57351.2514698471,47000,0.41,0.21,"$26,144","$10,098","$57,351","$47,000",55,55,54,54,42,53,1st,1st,3rd,3rd,25th,5th,0.5884,1.0437,1.02,58.85%,104.39%,101.97%,8,12,14,87th,80th,77th,,,,,,,,,,,,,,,,,,,,,,,,,,,,,,,,,,,,,,,,,,,,,,,,,,,,,,,,,,,,,,,,,,,,,26302.1504297994,10118,57464.7206303725,48000,0.41,0.21,"$26,302","$10,118","$57,465","$48,000",19,36,32,33,20,37,55th,12th,22nd,20th,51st,10th,0.5895,1.0443,1.0203,58.96%,104.39%,102.08%,8,14,15,82nd,67th,65th,,,,,,,,,,,,,,,,,,,,,,,,,,,,,,,,,,,,,,,,,,,,,,,,,,,,,,,,,,,,,,,,,,,,
RI,36152.5734649123,20386.5,78923.7520570488,62000,0.47,0.32,"$36,153","$20,386","$78,924","$62,000",14,19,24,24,20,18,76th,67th,58th,59th,65th,69th,0.449,0.9718,1,44.88%,97.13%,99.99%,45,46,46,22nd,21st,20th,,,,,,,,,,,,,,,,,,,,,,,,,,,,,,,,,,,36936.8,17402,60866.6666666667,49000,0.53,0.35,"$36,937","$17,402","$60,867","$49,000",5,23,17,24,18,22,89th,42nd,57th,39th,55th,44th,0.44,0.9976,1,44.00%,99.77%,99.99%,37,38,38,5th,2nd,3rd,25866.0635514019,12709,60347.6635514019,49000,0.42,0.27,"$25,866","$12,709","$60,348","$49,000",22,28,26,30,18,22,47th,32nd,37th,28th,57th,47th,0.4927,1.0116,1.0057,49.28%,101.20%,100.54%,33,29,30,20th,30th,27th,,,,,,,,,,,,,,,,,,,,,,,,,,,,,,,,,,,37934.8396349413,22036.5,82430.2022178735,66000,0.48,0.33,"$37,935","$22,036","$82,430","$66,000",11,9,19,16,14,9,80th,84th,64th,70th,74th,84th,0.4429,0.9657,1,44.33%,96.58%,99.99%,39,44,40,25th,15th,23rd
SC,36187.7128434505,21385,71133.2310446235,56000,0.53,0.35,"$36,188","$21,385","$71,133","$56,000",13,12,45,48,4,6,78th,80th,20th,15th,95th,91st,0.5845,1.0581,1.0329,58.41%,105.82%,103.29%,9,8,7,85th,87th,89th,,,,,,,,,,,,,,,,,,,,,,,,,,,,,,,,,,,34779.116579514,21807,58896.3076923077,50000,0.59,0.41,"$34,779","$21,807","$58,896","$50,000",12,8,23,19,3,4,71st,81st,42nd,52nd,94th,90th,0.6619,1.1088,1.0629,66.22%,110.88%,106.26%,15,14,11,63rd,65th,73rd,30568.7765957447,20055,68563.8297872341,59500,0.47,0.39,"$30,569","$20,055","$68,564","$59,500",10,6,13,7,10,2,77th,87th,70th,85th,78th,97th,0.5379,1.0185,1.015,53.79%,101.86%,101.53%,20,24,21,52nd,42nd,50th,,,,,,,,,,,,,,,,,,,,,,,,,,,,,,,,,,,36605.8937398374,21293,74400.1464247946,59000,0.51,0.34,"$36,606","$21,293","$74,400","$59,000",13,13,41,43,6,4,76th,76th,21st,17th,91st,93rd,0.5635,1.0444,1.024,56.32%,104.39%,102.41%,4,4,3,94th,94th,96th
SD,29136.5333789798,18382,80360.8353303663,65000,0.39,0.27,"$29,137","$18,382","$80,361","$65,000",45,30,21,13,50,38,20th,47th,63rd,78th,11th,32nd,0.4062,0.9455,1,40.59%,94.60%,99.99%,54,56,46,7th,3rd,20th,,,,,,,,,,,,,,,,,,,,,,,,,,,,,,,,,,,,,,,,,,,,,,,,,,,,,,,,,,,,,,,,,,,,,,,,,,,,,,,,,,,,,,,,,,,,,,,,,,,,,,,22142.4347826087,13017.5,56695.652173913,50000,0.38,0.27,"$22,142","$13,018","$56,696","$50,000",4,4,12,8,2,2,78th,78th,21st,53rd,92nd,92nd,0.4431,0.9572,1,44.33%,95.70%,99.99%,10,11,12,50th,44th,41st,29381.7550442478,18569,80990.4424778761,65000,0.4,0.27,"$29,382","$18,569","$80,990","$65,000",42,29,24,20,44,36,19th,45th,54th,63rd,15th,30th,0.4053,0.9445,1,40.48%,94.49%,99.99%,48,50,40,7th,3rd,23rd
TN,34039.4278238808,19000,74481.1230964467,58000,0.47,0.31,"$34,039","$19,000","$74,481","$58,000",25,24,35,42,20,22,56th,58th,38th,26th,65th,62nd,0.5655,1.0418,1.0248,56.54%,104.17%,102.52%,12,13,10,80th,78th,84th,,,,,,,,,,,,,,,,,,,,,,,,,,,,,,,,,,,32692.1775234742,19568.5,59379.9882629108,50000,0.55,0.38,"$32,692","$19,568","$59,380","$50,000",19,19,21,19,11,13,52nd,52nd,47th,52nd,73rd,68th,0.6732,1.1091,1.0651,67.32%,110.88%,106.48%,9,13,10,78th,68th,76th,21946.0877192982,13720,67771.9298245614,52000,0.37,0.22,"$21,946","$13,720","$67,772","$52,000",30,24,15,22,30,34,27th,42nd,65th,48th,26th,18th,0.5676,1.0506,1.0537,56.76%,105.05%,105.38%,13,12,4,70th,72nd,92nd,,,,,,,,,,,,,,,,,,,,,,,,,,,,,,,,,,,34401.5061864352,18926,77832.1451717434,61000,0.46,0.3,"$34,402","$18,926","$77,832","$61,000",24,25,36,38,21,22,54th,52nd,31st,28th,60th,58th,0.5403,1.026,1.0169,54.01%,102.63%,101.64%,10,11,10,82nd,80th,82nd
TX,29998.6656990332,16486.5,74415.1296280346,58000,0.43,0.27,"$29,999","$16,486","$74,415","$58,000",43,42,36,42,35,38,23rd,25th,36th,26th,38th,32nd,0.5363,1.0293,1.0162,53.68%,102.96%,101.64%,19,19,20,68th,68th,66th,41906.4861111111,21419.5,80181.4814814815,63000,0.55,0.35,"$41,906","$21,420","$80,181","$63,000",11,13,12,12,11,12,58th,50th,54th,52nd,58th,52nd,0.5092,1.03,1.0136,50.93%,102.96%,101.31%,11,11,11,58th,58th,58th,29553.2436328688,16645,61776.6025641026,51000,0.48,0.32,"$29,553","$16,645","$61,777","$51,000",26,27,15,14,30,31,34th,31st,63rd,64th,25th,21st,0.64,1.0919,1.0509,64.02%,109.23%,105.05%,18,19,20,55th,52nd,50th,25531.5927955075,13555,65894.36547354,53000,0.4,0.26,"$25,532","$13,555","$65,894","$53,000",24,26,20,18,24,24,42nd,37th,52nd,57th,43rd,43rd,0.5525,1.0392,1.017,55.22%,103.95%,101.75%,18,17,19,57th,60th,55th,,,,,,,,,,,,,,,,,,,,,,,,,,,,,,,,,,,32712.0872905822,18554,81550.6059985902,63000,0.44,0.28,"$32,712","$18,554","$81,551","$63,000",30,30,23,28,30,31,43rd,43rd,56th,47th,43rd,41st,0.5134,1.015,1.012,51.37%,101.53%,101.20%,17,19,15,68th,64th,72nd
UT,27548.8186783179,13374,88823.1357552581,66000,0.34,0.19,"$27,549","$13,374","$88,823","$66,000",51,53,4,10,55,54,9th,5th,94th,83rd,1st,2nd,0.4361,0.9726,1,43.56%,97.24%,99.99%,52,44,46,10th,24th,20th,,,,,,,,,,,,,,,,,,,,,,,,,,,,,,,,,,,,,,,,,,,,,,,,,,,,,,,,,,,,,,,,,,,,,21784.0382978723,12415,74770.2127659575,57000,0.31,0.21,"$21,784","$12,415","$74,770","$57,000",31,30,7,8,38,37,25th,27th,85th,81st,6th,10th,0.4491,0.9822,1,44.88%,98.23%,99.99%,38,38,38,7th,7th,8th,,,,,,,,,,,,,,,,,,,,,,,0.625,1.0244,1.0162,62.48%,102.41%,101.64%,3,8,8,88th,61st,61st,27729.2560352173,13443.5,89333.3806818182,67000,0.34,0.19,"$27,729","$13,444","$89,333","$67,000",48,50,5,12,51,50,7th,3rd,92nd,79th,1st,2nd,0.4352,0.9722,1,43.56%,97.24%,99.99%,42,39,40,19th,25th,23rd
VA,38032.7921401711,22426,81095.2833698483,63000,0.51,0.34,"$38,033","$22,426","$81,095","$63,000",9,6,18,18,10,10,85th,90th,69th,68th,84th,84th,0.5196,1.0278,1.014,51.92%,102.74%,101.42%,27,22,26,54th,63rd,56th,41622.9930313589,21098,102630.662020906,71000,0.47,0.29,"$41,623","$21,098","$102,631","$71,000",12,14,1,2,18,18,54th,45th,100th,97th,29th,31st,0.462,0.9914,1.0017,46.20%,99.11%,100.21%,18,16,14,29th,37th,47th,34899.1703056769,22078,64956.5775950668,53000,0.55,0.39,"$34,899","$22,078","$64,957","$53,000",10,6,10,10,11,9,76th,86th,76th,75th,73rd,78th,0.637,1.0917,1.0522,63.69%,109.12%,105.27%,20,20,18,50th,50th,55th,36975.7845433255,21097.5,83035.1288056206,65000,0.48,0.31,"$36,976","$21,098","$83,035","$65,000",2,5,2,2,6,8,97th,90th,97th,97th,86th,83rd,0.5127,1.018,1.0095,51.26%,101.75%,100.98%,26,25,25,37th,40th,40th,,,,,,,,,,,,,,,,,,,,,,,,,,,,,,,,,,,38661.8643252848,22570,83985.151879542,65000,0.5,0.33,"$38,662","$22,570","$83,985","$65,000",10,6,14,20,8,9,82nd,90th,74th,63rd,85th,84th,0.4957,1.015,1.007,49.61%,101.53%,100.65%,23,20,23,56th,62nd,56th
VT,36342.3961005644,21171,81586.5434001027,67000,0.46,0.31,"$36,342","$21,171","$81,587","$67,000",12,14,17,6,24,22,80th,76th,70th,90th,57th,62nd,0.3745,0.9265,1,37.40%,92.62%,99.99%,57,57,46,1st,1st,20th,,,,,,,,,,,,,,,,,,,,,,,,,,,,,,,,,,,,,,,,,,,,,,,,,,,,,,,,,,,,,,,,,,,,,,,,,,,,,,,,,,,,,,,,,,,,,,,,,,,,,,,,,,,,,,,,,,,,,,,,,,,,,,,,,,,,,,,,,36383.4121338912,21134.5,81856.5445026178,67000,0.46,0.31,"$36,383","$21,134","$81,857","$67,000",14,14,21,12,21,18,74th,74th,60th,79th,60th,66th,0.3738,0.9258,1,37.4%,92.62%,99.99%,51,51,40,1st,1st,23rd
WA,32698.7515161539,17103,90504.93629695,66000,0.4,0.24,"$32,699","$17,103","$90,505","$66,000",30,38,2,10,46,48,47th,32nd,98th,83rd,18th,14th,0.4609,0.9761,1,46.09%,97.57%,99.99%,39,41,46,33rd,29th,20th,39635.4979919679,23000,90080.3212851406,71000,0.46,0.28,"$39,635","$23,000","$90,080","$71,000",16,10,3,2,19,19,37th,62nd,91st,97th,25th,25th,0.4788,0.9832,1,47.85%,98.34%,99.99%,14,19,20,45th,25th,20th,33824.1632653061,17000,85979.5918367347,63000,0.42,0.22,"$33,824","$17,000","$85,980","$63,000",17,25,1,1,36,36,57th,36th,100th,100th,7th,6th,0.534,1.0344,1.0223,53.35%,103.40%,102.19%,34,37,35,13th,5th,10th,21622.6848381601,11991,66579.2163543441,52000,0.34,0.22,"$21,623","$11,991","$66,579","$52,000",32,32,18,22,36,34,22nd,22nd,57th,48th,13th,18th,0.4814,0.9904,1,48.18%,99.00%,99.99%,35,37,38,15th,10th,8th,20051.7857142857,14469,71321.4285714286,61000,0.31,0.18,"$20,052","$14,469","$71,321","$61,000",6,3,5,3,6,8,64th,85th,71st,85th,64th,46th,0.4273,0.9829,1,42.68%,98.34%,99.99%,12,9,12,38th,55th,41st,33017.2507164162,17340,91437.4561198221,67000,0.4,0.25,"$33,017","$17,340","$91,437","$67,000",29,37,3,12,44,44,45th,29th,96th,79th,15th,14th,0.4592,0.975,1,45.87%,97.46%,99.99%,31,35,40,41st,33rd,23rd
WI,31656.7145804677,18913,77388.0417335474,62000,0.43,0.29,"$31,657","$18,913","$77,388","$62,000",33,27,28,24,35,30,41st,52nd,50th,59th,38th,47th,0.4443,0.972,1,44.44%,97.24%,99.99%,48,45,46,17th,22nd,20th,28006.8947368421,14217,53947.3684210526,53000,0.48,0.23,"$28,007","$14,217","$53,947","$53,000",23,22,23,19,17,22,8th,12th,8th,25th,33rd,12th,0.593,1.0381,1.0256,59.29%,103.84%,102.52%,8,9,9,70th,66th,66th,27179.2483296214,16871,55221.6035634744,48000,0.48,0.33,"$27,179","$16,871","$55,222","$48,000",33,26,32,31,30,27,15th,34th,18th,21st,25th,31st,0.6633,1.1033,1.0507,66.33%,110.33%,105.05%,13,17,21,68th,57th,47th,28722.8955223881,14419,60399.2537313433,51000,0.44,0.29,"$28,723","$14,419","$60,399","$51,000",15,21,25,25,16,16,65th,50th,40th,40th,62nd,63rd,0.4996,1.0046,1.0025,49.94%,100.43%,100.21%,32,34,33,22nd,17th,20th,17742.1666666667,10012.5,75333.3333333333,73000,0.3,0.1,"$17,742","$10,012","$75,333","$73,000",9,10,2,2,8,14,42nd,35th,92nd,92nd,46th,10th,0.5758,0.9675,1.0096,57.53%,96.80%,100.98%,7,10,9,66th,50th,55th,31987.2101694915,19089,78947.1672523272,64000,0.43,0.29,"$31,987","$19,089","$78,947","$64,000",33,24,31,24,34,26,37th,54th,41st,53rd,36th,50th,0.4314,0.9641,1,43.12%,96.36%,99.99%,44,46,40,15th,11th,23rd
WV,30865.7803063457,17512.5,70101.1604992336,57000,0.45,0.3,"$30,866","$17,512","$70,101","$57,000",36,35,46,46,28,26,36th,38th,18th,19th,50th,55th,0.5462,1.0286,1.0175,54.67%,102.85%,101.75%,15,20,16,75th,66th,73rd,,,,,,,,,,,,,,,,,,,,,,,,,,,,,,,,,,,27674.5,22479.5,44000,42500,0.66,0.6,"$27,674","$22,480","$44,000","$42,500",31,5,38,38,1,1,21st,89th,2nd,2nd,100th,100th,0.4118,1.0494,1,41.14%,104.94%,99.99%,38,34,38,2nd,13th,3rd,,,,,,,,,,,,,,,,,,,,,,,,,,,,,,,,,,,,,,,,,,,,,,,,,,,,,,,,,,,,,,,,,,,,,30855.2142222222,17522,70304.8699132755,57000,0.44,0.3,"$30,855","$17,522","$70,305","$57,000",37,35,48,48,30,22,29th,33rd,7th,8th,43rd,58th,0.5456,1.0279,1.0175,54.56%,102.74%,101.75%,9,9,9,84th,84th,84th
WY,26503.9287576021,13283,80850.564726325,64000,0.35,0.19,"$26,504","$13,283","$80,851","$64,000",54,54,19,16,54,54,3rd,3rd,67th,73rd,3rd,2nd,0.447,0.9714,1,44.66%,97.13%,99.99%,46,48,46,21st,17th,20th,,,,,,,,,,,,,,,,,,,,,,,,,,,,,,,,,,,,,,,,,,,,,,,,,,,,,,,,,,,,,,,,,,,,,,,,,,,,,,,,,,,,,,,,,,,,,,,,,,,,,,,9866.14285714286,8940,45714.2857142857,43000,0.22,0.23,"$9,866","$8,940","$45,714","$43,000",14,11,14,13,14,4,7th,28th,7th,14th,10th,78th,0.44,1.1367,1.0368,44.00%,113.63%,103.62%,11,1,5,44th,100th,77th,26693.4616071429,13268,80841.0714285714,64500,0.35,0.19,"$26,693","$13,268","$80,841","$64,500",51,51,26,22,50,50,1st,1st,50th,58th,3rd,2nd,0.4474,0.9703,1,44.77%,97.02%,99.99%,38,40,40,27th,23rd,23rd
